Timestamp,Filename,Model,Git Hash,Status
2026-04-08 02:47:59,ch_0319.txt,qwen/qwen3.5-9b,5cd1022,Success
2026-04-08 02:54:04,ch_0320.txt,qwen/qwen3.5-9b,5cd1022,Success
2026-04-08 03:11:32,ch_0321.txt,qwen/qwen3.5-9b,5cd1022,Success
2026-04-08 03:18:02,ch_0322.txt,qwen/qwen3.5-9b,5cd1022,Success
2026-04-08 03:27:27,ch_0323.txt,qwen/qwen3.5-9b,5cd1022,Success
2026-04-08 03:43:35,ch_0324.txt,qwen/qwen3.5-9b,5cd1022,Success
2026-04-08 03:50:52,ch_0325.txt,qwen/qwen3.5-9b,5cd1022,Success
2026-04-08 03:58:25,ch_0326.txt,qwen/qwen3.5-9b,5cd1022,Success
2026-04-08 04:06:07,ch_0327.txt,qwen/qwen3.5-9b,5cd1022,Success
2026-04-08 04:12:23,ch_0328.txt,qwen/qwen3.5-9b,5cd1022,Success
2026-04-08 04:18:49,ch_0329.txt,qwen/qwen3.5-9b,5cd1022,Success
2026-04-08 04:26:45,ch_0330.txt,qwen/qwen3.5-9b,5cd1022,Success
2026-04-08 04:43:23,ch_0331.txt,qwen/qwen3.5-9b,5cd1022,Success
2026-04-08 04:50:24,ch_0332.txt,qwen/qwen3.5-9b,5cd1022,Success
2026-04-08 04:55:21,ch_0333.txt,qwen/qwen3.5-9b,5cd1022,Success
2026-04-08 05:01:53,ch_0334.txt,qwen/qwen3.5-9b,5cd1022,Success
2026-04-08 05:19:02,ch_0335.txt,qwen/qwen3.5-9b,5cd1022,Success
2026-04-08 05:24:53,ch_0336.txt,qwen/qwen3.5-9b,5cd1022,Success
2026-04-08 05:52:05,ch_0337.txt,qwen/qwen3.5-9b,5cd1022,Success
2026-04-08 05:57:48,ch_0338.txt,qwen/qwen3.5-9b,5cd1022,Success
2026-04-08 06:05:02,ch_0339.txt,qwen/qwen3.5-9b,5cd1022,Success
2026-04-08 06:14:40,ch_0340.txt,qwen/qwen3.5-9b,5cd1022,Success
2026-04-08 06:22:38,ch_0341.txt,qwen/qwen3.5-9b,5cd1022,Success
2026-04-08 06:30:47,ch_0342.txt,qwen/qwen3.5-9b,5cd1022,Success
2026-04-08 06:38:29,ch_0343.txt,qwen/qwen3.5-9b,5cd1022,Success
2026-04-08 06:44:11,ch_0344.txt,qwen/qwen3.5-9b,5cd1022,Success
2026-04-08 06:51:59,ch_0345.txt,qwen/qwen3.5-9b,5cd1022,Success
2026-04-08 06:59:02,ch_0346.txt,qwen/qwen3.5-9b,5cd1022,Success
2026-04-08 07:05:05,ch_0347.txt,qwen/qwen3.5-9b,5cd1022,Success
2026-04-08 07:14:30,ch_0348.txt,qwen/qwen3.5-9b,5cd1022,Success
2026-04-08 07:41:42,ch_0349.txt,qwen/qwen3.5-9b,5cd1022,Success
2026-04-08 07:49:08,ch_0350.txt,qwen/qwen3.5-9b,5cd1022,Success
2026-04-08 07:57:42,ch_0351.txt,qwen/qwen3.5-9b,5cd1022,Success
2026-04-08 08:04:21,ch_0352.txt,qwen/qwen3.5-9b,5cd1022,Success
2026-04-08 08:21:30,ch_0353.txt,qwen/qwen3.5-9b,5cd1022,Success
2026-04-08 08:37:07,ch_0354.txt,qwen/qwen3.5-9b,5cd1022,Success
2026-04-08 08:54:28,ch_0355.txt,qwen/qwen3.5-9b,5cd1022,Success
2026-04-08 09:00:58,ch_0356.txt,qwen/qwen3.5-9b,5cd1022,Success
2026-04-08 09:16:31,ch_0357.txt,qwen/qwen3.5-9b,5cd1022,Success
2026-04-08 09:44:00,ch_0358.txt,qwen/qwen3.5-9b,5cd1022,Success
2026-04-08 09:50:57,ch_0359.txt,qwen/qwen3.5-9b,5cd1022,Success
2026-04-08 10:07:53,ch_0360.txt,qwen/qwen3.5-9b,5cd1022,Success
2026-04-08 10:16:51,ch_0361.txt,qwen/qwen3.5-9b,5cd1022,Success
2026-04-08 10:22:36,ch_0362.txt,qwen/qwen3.5-9b,5cd1022,Success
2026-04-08 10:39:27,ch_0363.txt,qwen/qwen3.5-9b,5cd1022,Success
2026-04-08 10:48:05,ch_0364.txt,qwen/qwen3.5-9b,5cd1022,Success
2026-04-08 11:14:28,ch_0365.txt,qwen/qwen3.5-9b,5cd1022,Success
2026-04-08 11:21:58,ch_0366.txt,qwen/qwen3.5-9b,5cd1022,Success
2026-04-08 11:32:15,ch_0367.txt,qwen/qwen3.5-9b,5cd1022,Success
2026-04-08 11:44:04,ch_0368.txt,qwen/qwen3.5-9b,5cd1022,Success
2026-04-08 11:51:11,ch_0369.txt,qwen/qwen3.5-9b,5cd1022,Success
